Question ID,Category,Question Text,Difficulty,Option1,Weight1,Option2,Weight2,Option3,Weight3
AI1,AI_Int,"While working on a dataset for predicting outcomes such as housing prices or user behavior, you encounter optimization techniques like cost functions and gradient descent. These concepts seem important for improving model performance but also involve mathematical understanding. In such a situation, how do you naturally respond?",Easy,Focus on using libraries to build the model and achieve good prediction accuracy,0.35,Try to understand how gradient descent minimizes the cost function and why it works mathematically,0.55,Avoid these concepts and move to simpler tasks,0.1
AI2,AI_Int,"During your study of neural networks, you come across terms such as forward propagation, backpropagation, weights, and activation functions. These involve multiple layers of computation and mathematical reasoning. What best describes your approach to learning this?",Easy,Learn how to implement neural networks using high-level frameworks,0.3,Explore how weights are updated using derivatives and the chain rule in detail,0.6,Skip this topic because it appears too complex,0.1
AI3,AI_Int,"When interacting with modern AI-powered systems such as recommendation engines, voice assistants, or chatbots, it is possible to either use them as tools or explore how they function internally. What is your natural tendency in such scenarios?",Easy,Feel motivated to build similar systems using available tools and APIs,0.4,"Become curious about how algorithms, data, and models combine to produce intelligent outputs",0.5,Use these systems without thinking about their internal working,0.1
AI4,AI_Int,"While learning machine learning, you encounter probability concepts such as distributions, likelihood, and uncertainty, which form the foundation of many AI models. These ideas require mathematical reasoning and conceptual clarity. How do you approach this area?",Medium,Apply models without focusing deeply on probability theory,0.35,"Study probability distributions, Bayesian reasoning, and uncertainty in detail",0.5,Avoid probability-related topics due to difficulty,0.15
AI5,AI_Int,"After training a machine learning model, you observe that it performs very well on training data but poorly on unseen test data. This introduces the concept of overfitting and generalization. What is your response to this situation?",Medium,Try different models and tuning techniques to improve performance,0.4,Analyze bias-variance tradeoff and understand why the model fails to generalize,0.45,Ignore the issue and move on to other tasks,0.15
AI6,AI_Int,"When working with real-world datasets, the raw data often contains noise, missing values, and irrelevant features. This requires preprocessing and feature engineering before modeling. How do you engage with this stage?",Medium,Use standard preprocessing techniques and libraries,0.4,Explore deeply how feature representation affects model performance and outcomes,0.45,Use default settings without much thought,0.15
AI7,AI_Int,"As you explore deep learning, you come across architectures such as CNNs, RNNs, and Transformers, each designed for specific types of data like images or sequences. What best describes your approach to these models?",Medium,Focus on applying these architectures to solve problems,0.35,"Understand their internal structure, mathematical formulation, and differences deeply",0.5,Memorize names without deeper exploration,0.15
AI8,AI_Int,"While studying reinforcement learning, you encounter concepts like states, actions, rewards, policies, and value functions. These ideas can feel abstract but are powerful for decision-making systems. How do you respond?",Hard,Try to implement a simple reinforcement learning project or simulation,0.35,"Study Markov Decision Processes, policy optimization, and value functions in depth",0.5,Avoid this topic due to its abstract nature,0.15
AI9,AI_Int,"When reading an AI research paper on topics such as attention mechanisms or transformer models, the content includes mathematical equations, architecture diagrams, and experimental results. What is your typical approach?",Hard,Try to understand the main idea and implement a simplified version,0.4,"Study equations, architecture design, and experimental details thoroughly",0.45,Ignore the paper because it seems too complex,0.15
AI10,AI_Int,"After deploying an AI model, you notice that it produces biased or incorrect outputs in certain cases. This raises concerns about fairness and reliability. How do you approach this issue?",Hard,Try to fix the issue using tuning and experimentation,0.4,"Analyze root causes such as data bias, distribution shift, and underlying assumptions deeply",0.45,Stop working on the model due to difficulty,0.15
C1,Coding_Int,"While solving a basic programming task such as finding the largest element in an array, the problem seems straightforward at first glance. However, there are multiple ways to approach it, some more efficient than others. What best describes your natural approach?",Easy,Write a simple loop to solve the problem quickly,0.4,"Think about time complexity, edge cases, and whether a more optimal solution exists",0.5,Look for or copy a solution without understanding,0.1
C2,Coding_Int,"When learning recursion for the first time, the idea of functions calling themselves and managing multiple states through the call stack can feel confusing. How do you typically handle such a concept?",Easy,Practice recursion using basic examples until it works,0.4,"Understand recursion deeply including stack behavior, base cases, and complexity",0.5,Avoid recursion and rely only on iterative approaches,0.1
C3,Coding_Int,"While debugging a program that produces incorrect output, identifying the exact issue requires careful reasoning about the code flow. What approach do you usually take?",Easy,Print intermediate values to trace the issue,0.35,Analyze the logic step-by-step to identify and understand the root cause,0.55,Make random changes hoping the issue gets fixed,0.1
C4,Coding_Int,"After writing a solution that works correctly, you realize it performs slowly for large inputs. This introduces the need to think about time complexity and optimization. How do you respond?",Medium,Try minor improvements or optimizations,0.35,Analyze time complexity and redesign the algorithm for efficiency,0.5,Ignore performance issues since it works,0.15
C5,Coding_Int,"While solving a problem, choosing the right data structure can significantly affect performance and simplicity. How do you approach selecting data structures?",Medium,Use commonly known structures like arrays or lists,0.35,"Analyze the problem deeply to choose the most suitable structure like hashmap, heap, or tree",0.5,Pick any structure without much thought,0.15
C6,Coding_Int,"When attempting a coding problem and getting stuck, different strategies can be used to proceed. What best describes your behavior in such situations?",Medium,Look at hints or partial solutions and try to understand them,0.4,"Spend time analyzing constraints, patterns, and possible approaches before seeking help",0.45,Skip the problem and move on,0.15
C7,Coding_Int,You have implemented a brute-force solution that works but is not efficient. Improving it may require rethinking the entire approach. What do you typically do?,Medium,Try to slightly optimize the existing solution,0.35,Rethink the entire approach to significantly reduce complexity,0.5,Leave it as it is since it works,0.15
C8,Coding_Int,"While solving advanced problems involving graphs such as shortest paths or cycles, understanding algorithms like BFS, DFS, or Dijkstra becomes important. How do you engage with such problems?",Hard,Use known algorithms with guidance,0.4,Understand graph theory concepts and derive optimal solutions independently,0.45,Avoid such problems due to difficulty,0.15
C9,Coding_Int,"In system design or large-scale coding tasks like designing a URL shortener, multiple components such as databases, APIs, and scalability come into play. What is your approach?",Hard,Focus on implementing basic functionality,0.4,"Think deeply about scalability, data flow, edge cases, and optimization",0.45,Avoid such complex design problems,0.15
C10,Coding_Int,"When working on a difficult coding problem for an extended period without success, persistence and problem-solving strategy become critical. How do you typically respond?",Hard,Take help and continue solving,0.4,"Break the problem into parts, try multiple strategies, and persist until solved",0.45,Quit and move on to easier tasks,0.15
D1,Design_Int,"While working on designing a user interface such as a login or signup page, multiple factors like layout, spacing, usability, and accessibility influence how users interact with the system. In such a situation, what best describes your natural design approach?",Easy,Focus on making the interface visually clean using templates or existing designs,0.4,"Think about user flow, accessibility, and usability principles along with visual design",0.5,Place elements randomly just to complete the task,0.1
D2,Design_Int,"During your learning of UI design, you encounter concepts such as color theory, typography, and visual hierarchy, which affect how users perceive and interact with interfaces. How do you typically engage with these ideas?",Easy,"Use predefined themes, colors, and fonts without much analysis",0.35,"Understand how contrast, typography, and hierarchy influence user perception and readability",0.55,Ignore these concepts as they seem unnecessary,0.1
D3,Design_Int,"While using popular applications, you may notice differences in layout, responsiveness, and interaction patterns. Some designs feel intuitive while others feel confusing. What is your natural reaction to such observations?",Easy,Feel interested in building similar interfaces,0.4,"Analyze why certain designs feel intuitive by observing layout, spacing, and interaction decisions",0.5,Use applications without thinking about design choices,0.1
D4,Design_Int,"When designing a dashboard that needs to display a large amount of information, organizing content becomes critical for usability. How do you approach such a design challenge?",Medium,Place all information neatly on the screen,0.35,"Prioritize information using visual hierarchy, grouping, and user attention flow",0.5,Display all data without structuring it properly,0.15
D5,Design_Int,"After presenting a design, you receive feedback that users find it confusing or difficult to navigate. This requires revisiting your design decisions. What do you typically do?",Medium,Make small visual changes based on feedback,0.4,"Analyze user behavior, identify usability issues, and redesign accordingly",0.45,Ignore feedback and keep the design unchanged,0.15
D6,Design_Int,"While learning UX concepts, you come across ideas like user personas, journey mapping, and interaction flows. These require understanding user psychology and behavior. How do you respond?",Medium,Use these concepts when required in projects,0.35,"Deeply understand user behavior, motivations, and interaction flows",0.5,Skip these concepts as they seem theoretical,0.15
D7,Design_Int,Designing applications for multiple devices such as mobile and desktop requires adapting layouts and interactions. How do you approach responsive design?,Medium,Adjust layout slightly for different screens,0.35,"Understand responsive design principles, breakpoints, and adaptive layouts deeply",0.5,Use the same design for all devices,0.15
D8,Design_Int,"When working with modern design systems and component-based design approaches, consistency and scalability become important. How do you engage with these concepts?",Hard,Use existing components provided by libraries,0.4,"Understand how design systems ensure consistency, scalability, and maintainability",0.45,Avoid learning these concepts due to complexity,0.15
D9,Design_Int,"While analyzing a complex UI case study, multiple decisions related to layout, interaction, and user flow become visible. How do you approach understanding such designs?",Hard,Understand the overall layout and replicate basic ideas,0.4,"Analyze design decisions, user flows, micro-interactions, and reasoning in depth",0.45,Ignore the case study as too complex,0.15
D10,Design_Int,"When redesigning an application that has poor user engagement, improving usability requires careful analysis of user behavior and experience. What is your approach?",Hard,Change colors and visual elements,0.4,"Study user behavior, interaction patterns, and redesign strategically based on insights",0.45,Avoid working on such problems,0.15
LR1,Logical_Reasoning,"Observe the pattern in the numerical sequence carefully: 12, 11, 13, 12, 14, 13 The pattern alternates between decreasing by 1 and increasing by 2. Based on this reasoning, determine the next number that should logically follow in the sequence.",Hard,16,0,13,0,15,1
LR2,Logical_Reasoning,A discussion is presented regarding whether the retirement age should be increased. Argument I states that people are living longer and can remain productive for more years. Argument II states that increasing retirement age may reduce job opportunities for younger individuals. Evaluate both arguments carefully and determine which are logically strong.,Medium,Only argument I is strong,0,Only argument II is strong,0,Both I and II are strong,1
LR3,Logical_Reasoning,"In a particular coding system, the word 'MATHis represented as 131208, where each letter corresponds to a numerical value based on a pattern. Using the same coding logic, determine how the word 'SCIENCEwould be represented.",Hard,193951435,1,193951436,0,193951635,0
LR4,Logical_Reasoning,"Consider the following sequence consisting of letters, digits, and symbols: M 3 A @ 5 B # 7 W 2 Z * 8 P ! F $ 9 L. After removing all symbols, analyze the remaining sequence and determine which element is second to the left of the seventh element from the left.",Medium,P,0,B,1,W,0
LR5,Logical_Reasoning,Analyze the analogy: Cork is related to Pop in the same way Coins are related to a particular sound. Identify the most appropriate option that completes this analogy based on sound association.,Hard,Tinkle,1,Ring,0,Rattle,0
LR6,Logical_Reasoning,"An artificial language uses specific word mappings: 'plufurmeans white snow, 'furbotmeans snowflake, and 'botplumeans whiteflake. Based on these patterns, determine the most logical meaning of the word 'botfur'.",Medium,snowflake,1,snow white,0,flake white,0
LR7,Logical_Reasoning,Assertion (A): Plants conduct photosynthesis. Reason (R): Photosynthesis is essential for plant growth. Evaluate whether both statements are true and whether the reason correctly explains the assertion.,Medium,"Both A and R are true, but R is NOT the correct explanation of A",1,"Both A and R are true, and R is the correct explanation of A",0,"A is true, but R is false",0
LR8,Logical_Reasoning,"A sequence of numbers follows a consistent pattern: 2, 6, 12, 20, 30 Each term increases based on a logical rule involving consecutive integers. Identify the next number in the sequence.",Easy,40,0,42,1,36,0
LR9,Logical_Reasoning,"In a classroom, all students who play football also play cricket, and some students who play cricket also play basketball. Based on this information, determine which conclusion logically follows.",Easy,All football players play basketball,0,Some football players may play basketball,1,No cricket player plays basketball,0
LR10,Logical_Reasoning,"If in a certain code language, CAT is written as DBU and DOG is written as EPH, following a consistent pattern of letter transformation, determine how the word 'BATwould be written.",Easy,CBU,1,CBT,0,DBU,0
AR1,Analytical_Reasoning,"A man points to a photograph and says: 'I have no brother or sister, but that mans father is my fathers son.Carefully interpret the family relationship described and determine whose photograph the man is referring to.",Easy,His sons,1,His own,0,His fathers,0
AR2,Analytical_Reasoning,"A person starts from a fixed point, walks 3 km towards the North, then turns right and walks 4 km. Based on this movement, determine the shortest distance between the final position and the starting point.",Easy,5 km,1,7 km,0,1 km,0
AR3,Analytical_Reasoning,"Consider the letter series: SCD, TEF, UGH, ____, WKL. Each term follows a pattern in the arrangement of letters. Identify the missing term that logically completes the sequence.",Easy,VIJ,1,UJI,0,CMN,0
AR4,Analytical_Reasoning,"In a specific coding pattern, the word 'COMPUTERis written as 'RFUVQNPC'. The pattern involves systematic letter transformations. Using the same logic, determine how the word 'MEDICINEwould be written.",Medium,EOJDEJFM,1,EOJDJEFM,0,MFEJDJOE,0
AR5,Analytical_Reasoning,Given the statements: (1) Some mangoes are yellow. (2) Some tixo are mangoes. Evaluate the logical conclusions: (I) Some mangoes are green. (II) Tixo is yellow. Determine which conclusion logically follows based only on the given statements.,Medium,Neither I nor II follows,1,Only I follows,0,Only II follows,0
AR6,Analytical_Reasoning,"Five friends P, Q, R, S, and T are seated in a row facing North. S sits between T and Q, Q is immediately left of R, and P is immediately left of T. Based on these conditions, determine who is seated in the middle position.",Medium,S,1,T,0,Q,0
AR7,Analytical_Reasoning,"In a class of 45 students, Neha is ranked 15th from the top. Using this information, determine her rank from the bottom of the class.",Medium,31st,1,30th,0,32nd,0
AR8,Analytical_Reasoning,"Seven individuals A, B, C, D, E, F, and G live on separate floors of a 7-floor building (1 being the lowest). Given multiple conditions about their positions, including relative placements and spacing constraints, determine the floor on which G resides.",Hard,6,1,7,0,5,0
AR9,Analytical_Reasoning,"Symbols are defined as follows: 'A + Bmeans A is the daughter of B; 'A - Bmeans A is the husband of B; 'A * Bmeans A is the brother of B. Based on these relationships, identify which expression indicates that P is the son-in-law of S.",Hard,P - Q * R + S,1,P - Q + R * S,0,P + Q - R * S,0
AR10,Analytical_Reasoning,"A square is divided by both its diagonals, forming four triangles. Each of these triangles is further subdivided by drawing a line from the center to the midpoint of each side. Based on this construction, calculate the total number of triangles present in the figure.",Hard,16,1,12,0,20,0
VR1,Verbal_Reasoning,"Select the word that is closest in meaning to 'ABANDON', considering its usage in contexts where something is completely left behind or given up.",Easy,Forsake,1,Keep,0,Support,0
VR2,Verbal_Reasoning,"Identify the word that is most opposite in meaning to 'ENORMOUS', focusing on scale and magnitude.",Easy,Tiny,1,Average,0,Weak,0
VR3,Verbal_Reasoning,Complete the analogy: Odometer is to mileage as Compass is to what? Consider the primary function of each instrument.,Easy,Direction,1,Speed,0,Needle,0
VR4,Verbal_Reasoning,Complete the sentence meaningfully: The new tax law is so _______ that even accountants are struggling to understand its _______. The correct pair should logically reflect complexity and its consequences.,Medium,Complex ... Implications,1,Simple ... Importance,0,Brief ... Length,0
VR5,Verbal_Reasoning,"Arrange the following words in a logical and meaningful sequence based on cause-effect progression: Population, Unemployment, Poverty, Disease, Death.",Medium,"2, 4, 1, 5, 3",1,"2, 3, 4, 1, 5",0,"1, 2, 3, 4, 5",0
VR6,Verbal_Reasoning,"Identify the word that does not belong in the group based on category or classification: Tulip, Rose, Bud, Daisy.",Medium,Bud,1,Tulip,0,Rose,0
VR7,Verbal_Reasoning,Analyze the relationship between the statements: (I) The price of petrol has risen sharply. (II) The government has increased the subsidy on public transport. Determine the correct cause-effect relationship.,Medium,Statement I is the cause and II is its effect,1,Statement II is the cause and I is its effect,0,Both are independent effects,0
VR8,Verbal_Reasoning,"Consider the conditional statement: 'If the library has the book, I will borrow it.Determine which conclusion must logically follow based on this condition.",Hard,"If I did not borrow the book, the library does not have it",1,"If I borrowed the book, the library has it",0,None of the above,0
VR9,Verbal_Reasoning,A notice reads: 'Please use the staircase while the lift is under repair.Identify the assumptions that are implicitly made in this statement.,Hard,Both I and II are implicit,1,Only assumption I is implicit,0,Only assumption II is implicit,0
VR10,Verbal_Reasoning,Interpret the idiom 'To play fast and loosein terms of behavior and reliability in actions.,Hard,To act in an unreliable or inconsistent way,1,To play a good game,0,To defeat someone quickly,0
MR1,Math_Reasoning,"The product of three consecutive integers is given as 120. By identifying the correct set of consecutive numbers, determine the sum of these integers.",Easy,15,1,12,0,18,0
MR2,Math_Reasoning,"A father is currently twice as old as his son. Twenty years ago, the fathers age was ten times that of the son. Using this relationship, determine the present age of the father.",Easy,44 years,1,40 years,0,32 years,0
MR3,Math_Reasoning,"In an election, 20% of the votes are invalid. Out of the total votes, one candidate secures 55% of the valid votes. Based on this information and a total of 7500 votes, determine how many valid votes the other candidate received.",Easy,2700,1,3000,0,2900,0
MR4,Math_Reasoning,A bag contains 6 white and 4 black balls. Two balls are drawn randomly without replacement. Calculate the probability that both balls drawn are of the same colour.,Medium,Jul-15,1,01-Feb,0,Aug-15,0
MR5,Math_Reasoning,"A and B together can complete a piece of work in 30 days, B and C in 24 days, and C and A in 20 days. After working together for 10 days, B and C leave. Determine how many more days A alone will take to complete the remaining work.",Medium,18 days,1,24 days,0,30 days,0
MR6,Math_Reasoning,"The length of a rectangle is increased by 60%. To keep the area unchanged, the width must be reduced accordingly. Calculate the percentage decrease required in width.",Medium,37.50%,1,60%,0,75%,0
MR7,Math_Reasoning,"Using the digits 1 through 7 without repetition, determine how many 4-digit numbers can be formed such that the number is divisible by 4.",Medium,200,1,144,0,120,0
MR8,Math_Reasoning,"In a group of 100 students, 70 speak English, 50 speak Hindi, and 30 speak Spanish. Each student speaks at least one language, and 10 speak all three. Determine how many students speak exactly two languages.",Hard,30,1,40,0,20,0
MR9,Math_Reasoning,"Using logarithmic reasoning, determine the number of digits in a large exponential number by applying log base 10 properties and digit count formula.",Hard,16,1,15,0,17,0
MR10,Math_Reasoning,"A clock strikes once at 1 o'clock, twice at 2 o'clock, and so on. If it takes 12 seconds to strike 7 (i.e., 6 intervals), determine the time taken to strike 10 (i.e., 9 intervals).",Hard,18 seconds,1,20 seconds,0,15 seconds,0
CS1,Coding_Skill,"While working on programming tasks across different subjects or projects, exposure to multiple programming languages often varies from basic familiarity to deep understanding. Considering your experience so far, how would you describe your ability to work with programming languages in terms of both usage and conceptual clarity?",Easy,Comfortable using one language for basic tasks and syntax-level coding,0.4,"Able to use one or more languages with good understanding of concepts like functions, memory, and libraries",0.5,Limited exposure and mostly rely on copying or modifying existing code,0.1
CS2,Coding_Skill,"When solving a standard problem such as searching, sorting, or basic data processing, different individuals approach the task with varying levels of planning and understanding. Reflecting on your usual approach, how do you typically begin solving such coding problems?",Easy,Start coding immediately using a straightforward or brute-force approach,0.4,"Think about logic, constraints, and possible optimized approaches before coding",0.5,Look for existing solutions instead of solving independently,0.1
CS3,Coding_Skill,"While learning programming, understanding concepts such as loops, conditionals, functions, and recursion forms the foundation. However, the depth of understanding can differ significantly. How would you describe your grasp of these core programming constructs?",Easy,Understand basic syntax and can implement simple logic,0.35,Comfortable using these constructs to solve moderately complex problems and understand their behavior,0.55,Struggle with applying these concepts without guidance,0.1
CS4,Coding_Skill,"When faced with a problem involving constraints such as large input sizes or time limits, selecting the right algorithm becomes important. This requires knowledge of data structures and complexity. How do you typically handle such situations?",Medium,Attempt a working solution without focusing much on efficiency,0.35,Analyze constraints and choose appropriate data structures and algorithms accordingly,0.5,Ignore constraints and hope the solution works,0.15
CS5,Coding_Skill,"Debugging plays a crucial role in programming, especially when dealing with logical errors or unexpected outputs. Different approaches can be used to identify issues. What best describes your debugging process?",Medium,Use print statements or trial-and-error to fix issues,0.4,"Systematically trace logic, test edge cases, and identify root causes of bugs",0.45,Make random changes until the code works,0.15
CS6,Coding_Skill,"Writing clean and maintainable code involves structuring programs properly, using meaningful variable names, and organizing logic into reusable components. How do you typically approach code quality while solving problems?",Medium,Focus mainly on making the code work,0.4,"Write structured, readable, and modular code with clear logic",0.45,Write unstructured code without concern for readability,0.15
CS7,Coding_Skill,"Working on slightly complex problems such as handling arrays, strings, or basic data structures often requires thinking about edge cases and correctness. How do you ensure your solution handles all possible scenarios?",Medium,Test only common cases,0.35,Think about edge cases and test thoroughly before finalizing the solution,0.5,Do not test extensively,0.15
CS8,Coding_Skill,"Advanced coding tasks may involve implementing algorithms such as graph traversal, dynamic programming, or recursion-based solutions. These problems often require deeper understanding and structured thinking. How do you approach such problems?",Hard,Try to implement using known templates or partial understanding,0.4,Break the problem into parts and apply algorithmic concepts with clear reasoning,0.45,Avoid solving such problems,0.15
CS9,Coding_Skill,"Participating in coding contests or solving challenging problems often reveals ones persistence and ability to handle unfamiliar scenarios. When encountering a difficult problem that is not immediately solvable, what is your usual approach?",Hard,Look for hints or solutions after some attempts,0.4,"Spend significant time analyzing, trying multiple approaches, and learning from failure",0.45,Skip the problem quickly,0.15
CS10,Coding_Skill,"In real-world projects or larger codebases, integrating multiple components, handling errors, and ensuring performance becomes important. This requires both coding ability and system-level thinking. How would you describe your capability in such scenarios?",Hard,Able to contribute small parts with guidance,0.4,Comfortable handling modules independently with attention to performance and correctness,0.45,Struggle to work on larger codebases,0.15
W1,Web_Arch,"When developing a web application, the system typically involves a frontend interface, a backend server, and a database working together. Many developers focus only on making features work, while others try to understand how data flows through the entire system. In such a scenario, how do you naturally approach building or understanding the application?",Easy,Focus mainly on making the frontend work with basic backend calls,0.4,"Try to understand how frontend, backend, and server interact in the complete request-response cycle",0.5,Use existing code or tutorials without understanding the flow,0.1
W2,Web_Arch,"In the process of learning web technologies, HTTP protocols such as request methods, headers, and status codes define how communication happens between client and server. Different learners engage with these concepts at different depths. Which option best reflects your tendency?",Easy,Use APIs as required without thinking deeply about how they work,0.35,"Understand request-response structure, headers, methods, and status codes in detail",0.55,Ignore these concepts and rely only on implementation,0.1
W3,Web_Arch,Applications like large-scale social platforms or e-commerce systems operate seamlessly for millions of users. Observing such systems can either inspire replication or deeper curiosity about their design. What best describes your reaction?,Easy,Feel interested in building similar applications using tools and frameworks,0.4,"Become curious about how such systems scale, manage traffic, and maintain performance",0.5,Use these applications without thinking about their architecture,0.1
W4,Web_Arch,"Authentication systems rely on mechanisms such as sessions, cookies, and token-based approaches like JWT. Implementing these without understanding their behavior may lead to security issues. How do you approach such implementation tasks?",Medium,Follow tutorials to implement authentication mechanisms,0.35,"Understand authentication flow, session handling, token lifecycle, and security implications deeply",0.5,Ignore deeper understanding and just make it work,0.15
W5,Web_Arch,Displaying large volumes of data from backend services often introduces performance challenges such as slow loading or excessive network usage. Developers must decide how to manage this efficiently. What is your natural approach here?,Medium,Fetch and display all data directly without optimization,0.4,"Consider pagination, lazy loading, caching, and efficient API design",0.45,Ignore performance considerations,0.15
W6,Web_Arch,"Database decisions in web systems such as choosing between relational and non-relational models, designing schemas, and optimizing queries can significantly impact scalability. How do you engage with such decisions?",Medium,Use databases based on examples or tutorials,0.35,"Analyze schema design, indexing strategies, and query performance deeply",0.5,Avoid learning database internals,0.15
W7,Web_Arch,"As applications grow in complexity, handling navigation, routing, and application state becomes more challenging. Proper structuring ensures maintainability and performance. What best describes your approach?",Medium,Use basic routing to connect pages,0.4,"Understand routing systems, state management, and data flow across components deeply",0.45,Use unstructured navigation approaches,0.15
W8,Web_Arch,"Topics such as load balancing, distributed systems, and horizontal scaling are essential for building systems that handle large-scale traffic. These topics may initially seem abstract. How do you approach them?",Hard,Understand high-level concepts only,0.4,"Study distributed architectures, scaling strategies, and system behavior in depth",0.45,Avoid such topics due to complexity,0.15
W9,Web_Arch,"Designing systems like chat applications or URL shorteners requires thinking about multiple components including storage, latency, and scaling. These are often asked in advanced discussions or interviews. What is your response to such challenges?",Hard,Focus on implementing basic functionality,0.4,"Analyze architecture, scalability, data flow, and performance deeply",0.45,Avoid such design challenges,0.15
W10,Web_Arch,"As user traffic increases, applications may experience slow responses or failures. Identifying and resolving such issues requires understanding bottlenecks and system behavior. How do you handle such scenarios?",Hard,Apply small fixes such as increasing resources,0.4,"Analyze bottlenecks, optimize backend systems, and implement caching and scaling strategies",0.45,Ignore performance issues until critical,0.15
DM1,Data_Mining,"Real-world datasets rarely come in clean and structured formats. Missing values, inconsistencies, and noise often affect the quality of analysis. Faced with such data, what best describes your typical approach?",Easy,Perform basic cleaning and proceed with analysis,0.4,Investigate data quality issues and understand how missing or noisy data impacts results,0.5,Ignore inconsistencies and continue directly,0.1
DM2,Data_Mining,Visualizing data through charts and graphs can either be treated as a presentation step or as a powerful tool for discovering insights. How do you usually engage with data visualization?,Easy,Use charts mainly to present results,0.35,"Use visualization to explore patterns, detect anomalies, and gain deeper insights",0.55,Avoid visualization unless required,0.1
DM3,Data_Mining,Large datasets such as user activity logs or sales records often contain hidden patterns that are not immediately visible. Different individuals engage with such datasets differently. What best describes your tendency?,Easy,Look for simple patterns and trends,0.4,"Actively explore deeper correlations, hidden patterns, and meaningful insights",0.5,Avoid spending time exploring data deeply,0.1
DM4,Data_Mining,"Understanding relationships between variables is a key part of data analysis. This may involve correlation, dependencies, or statistical reasoning. How do you approach such tasks?",Medium,Perform basic comparisons between variables,0.35,Use statistical methods and reasoning to analyze relationships deeply,0.5,Ignore relationships and focus on outcomes only,0.15
DM5,Data_Mining,Clustering techniques such as grouping similar data points are commonly used in unsupervised learning. These methods involve choices like distance metrics and cluster evaluation. What is your approach to such algorithms?,Medium,Apply clustering algorithms with default settings,0.4,"Understand how clustering works, including distance measures and grouping logic",0.45,Avoid clustering due to complexity,0.15
DM6,Data_Mining,"Handling large-scale datasets introduces challenges related to efficiency, memory usage, and processing time. Different strategies can be applied depending on the situation. What best describes your response?",Medium,Process data directly using available tools,0.35,"Think about sampling, distributed processing, and efficient handling techniques",0.5,Avoid working with large datasets,0.15
DM7,Data_Mining,"Predictive models often rely on input features, and the way these features are selected or engineered can affect performance significantly. How do you approach this stage?",Medium,Use available features as they are,0.4,Analyze feature importance and carefully design or transform features,0.45,Ignore feature-level understanding,0.15
DM8,Data_Mining,"Association rule mining techniques are used to discover relationships such as items frequently bought together. These involve concepts like support, confidence, and lift. How do you engage with such topics?",Hard,Understand the general idea of associations,0.4,Study how rules are generated and evaluate them using detailed metrics,0.45,Skip these topics due to complexity,0.15
DM9,Data_Mining,"Data-driven decision making requires evaluating not just results but also their reliability and possible biases. When conclusions must be drawn from data, what is your natural approach?",Hard,Make decisions based on observed results,0.4,"Evaluate uncertainty, biases, and reliability before making decisions",0.45,Ignore deeper analysis,0.15
DM10,Data_Mining,"Unexpected patterns or anomalies sometimes appear in datasets, which may indicate errors or important hidden insights. Responding to such findings requires careful judgment. What do you typically do?",Hard,Report the findings as they are,0.4,"Investigate causes, validate patterns, and explore deeper implications",0.45,Ignore anomalies and continue,0.15
CF1,Crypto_Focus,Digital systems increasingly rely on encryption to protect sensitive data such as passwords and financial information. Understanding whether to simply use encryption tools or explore their inner workings can shape your learning path. What best describes your approach?,Easy,Use encryption libraries as needed without deep understanding,0.4,"Try to understand how encryption algorithms, keys, and security principles work conceptually",0.5,Ignore encryption concepts unless required,0.1
CF2,Crypto_Focus,"Hashing is commonly used in systems like password storage, where original data should not be retrievable. Concepts like hashing functions and collisions play an important role. How do you typically engage with such topics?",Easy,Use hashing functions provided by libraries,0.35,"Understand how hashing works, including collisions and security implications",0.55,Avoid learning hashing concepts,0.1
CF3,Crypto_Focus,Many online platforms emphasize security features such as HTTPS and secure communication channels. Observing these may raise curiosity about how data is protected during transmission. What is your natural reaction?,Easy,Use secure protocols when required,0.4,Explore how encryption ensures secure communication over networks,0.5,Ignore how secure communication works,0.1
CF4,Crypto_Focus,Symmetric and asymmetric encryption methods differ in how keys are used and shared. Choosing between them depends on the use case and security requirements. How do you approach such distinctions?,Medium,Use methods as suggested in examples or documentation,0.35,"Understand key exchange, encryption mechanisms, and trade-offs deeply",0.5,Avoid learning these differences,0.15
CF5,Crypto_Focus,Digital signatures and authentication mechanisms help verify identity and ensure message integrity. These concepts are widely used in secure systems. What best describes your engagement?,Medium,Use available tools to implement signatures,0.4,"Understand how digital signatures work, including verification and trust models",0.45,Ignore underlying concepts,0.15
CF6,Crypto_Focus,Security vulnerabilities such as brute-force attacks or weak encryption can compromise systems. Recognizing and preventing these requires deeper understanding. How do you respond to such challenges?,Medium,Apply standard security practices,0.35,Analyze vulnerabilities and understand attack methods and prevention techniques deeply,0.5,Avoid dealing with security issues,0.15
CF7,Crypto_Focus,Modern systems often rely on protocols like SSL/TLS to secure communication. These involve multiple steps such as handshakes and certificate validation. What is your approach to understanding these protocols?,Medium,Use secure protocols without studying details,0.4,"Understand handshake process, certificates, and encryption layers deeply",0.45,Ignore protocol-level understanding,0.15
CF8,Crypto_Focus,Advanced cryptographic concepts such as public key infrastructure (PKI) and certificate authorities play a role in large-scale security systems. These topics may seem abstract initially. How do you engage with them?,Hard,Understand general idea only,0.4,"Study PKI, trust chains, and certificate management in depth",0.45,Avoid these concepts due to complexity,0.15
CF9,Crypto_Focus,Blockchain technology integrates cryptographic principles like hashing and distributed consensus. Understanding it requires connecting multiple concepts together. What is your natural approach?,Hard,Understand high-level working of blockchain,0.4,"Explore cryptographic foundations, consensus mechanisms, and system design deeply",0.45,Avoid blockchain topics,0.15
CF10,Crypto_Focus,"When analyzing a security breach or vulnerability, identifying root causes requires understanding both system design and cryptographic weaknesses. What best describes your response?",Hard,Apply fixes based on known solutions,0.4,"Investigate root causes, analyze vulnerabilities, and understand failure deeply",0.45,Avoid such complex analysis,0.15
CO1,Cloud_Ops,"Deploying an application to the cloud introduces concepts such as virtual machines, containers, and managed services. Some developers rely entirely on platform defaults, while others try to understand what happens behind the scenes. What best reflects your natural approach?",Easy,Use cloud platforms with default configurations to deploy quickly,0.4,"Explore how infrastructure, virtual machines, and services operate behind the scenes",0.5,Avoid deployment tasks whenever possible,0.1
CO2,Cloud_Ops,Scaling applications to handle increased traffic often requires decisions about horizontal vs vertical scaling. These concepts influence system performance and cost. How do you engage with such ideas?,Easy,Apply scaling options suggested by the platform,0.35,"Understand scaling strategies, trade-offs, and when to use each approach",0.55,Ignore scaling concepts,0.1
CO3,Cloud_Ops,"Cloud platforms provide services like storage, compute, and networking, which can be combined in multiple ways. Observing these services may lead to either usage or deeper curiosity. What is your tendency?",Easy,Use services as required for projects,0.4,Explore how different cloud services interact and form complete architectures,0.5,Avoid exploring cloud services deeply,0.1
CO4,Cloud_Ops,"Containerization tools such as Docker allow applications to run consistently across environments. This introduces concepts like images, containers, and orchestration. How do you approach learning these tools?",Medium,Use containers by following tutorials,0.35,"Understand containerization deeply, including how environments are isolated and managed",0.5,Avoid using containers,0.15
CO5,Cloud_Ops,"Managing cloud infrastructure often involves Infrastructure as Code (IaC), where configurations are defined programmatically. This can improve scalability and consistency. What best describes your engagement?",Medium,Use predefined scripts or templates,0.4,Understand IaC concepts and how infrastructure can be automated and version-controlled,0.45,Ignore infrastructure automation,0.15
CO6,Cloud_Ops,Monitoring and logging are essential for maintaining cloud applications and detecting failures. These systems provide insights into application behavior. How do you approach this aspect?,Medium,Use basic monitoring tools when needed,0.35,"Analyze logs, metrics, and system behavior to understand performance and issues deeply",0.5,Ignore monitoring unless problems occur,0.15
CO7,Cloud_Ops,Handling failures in distributed cloud systems requires designing for fault tolerance and recovery. This includes redundancy and backup strategies. What is your approach to such challenges?,Medium,Apply simple fixes when failures occur,0.4,"Design systems with fault tolerance, redundancy, and recovery mechanisms in mind",0.45,Avoid dealing with failure scenarios,0.15
CO8,Cloud_Ops,Large-scale cloud systems often use orchestration tools like Kubernetes to manage containers and services efficiently. These systems can appear complex initially. How do you engage with such tools?,Hard,Understand basic usage and commands,0.4,"Study orchestration, scaling, service management, and deployment strategies deeply",0.45,Avoid these tools due to complexity,0.15
CO9,Cloud_Ops,Optimizing cloud cost while maintaining performance requires balancing resource allocation and usage. This involves analyzing usage patterns and system requirements. What best describes your approach?,Hard,Use default configurations without cost optimization,0.4,Analyze usage patterns and optimize resource allocation for cost and performance,0.45,Ignore cost considerations,0.15
CO10,Cloud_Ops,"In a scenario where a cloud-based system experiences downtime, identifying the root cause may involve analyzing logs, infrastructure, and network behavior. How do you typically respond?",Hard,Restart services or apply quick fixes,0.4,"Investigate logs, trace system behavior, and identify root causes systematically",0.45,Avoid deep troubleshooting,0.15
LL1,Low_Level,"In early programming experiences, variables behave differently depending on where and how they are created. For example, local variables inside functions disappear after execution, while dynamically allocated memory persists. Such observations often raise questions about how memory is structured internally. When encountering this behavior, what best reflects your natural curiosity?",Easy,Focus on making the program work without thinking about memory behavior,0.4,"Explore how memory is organized, including stack vs heap and allocation mechanisms",0.5,Ignore these differences as they are not immediately necessary,0.1
LL2,Low_Level,"Pointer-based operations allow direct manipulation of memory addresses, which can initially feel unintuitive and error-prone. Some learners rely on examples, while others attempt to deeply understand what is happening at the hardware level. How do you typically respond when faced with such concepts?",Easy,Use pointers only by following examples or templates,0.35,"Try to understand memory addresses, dereferencing, and how data is accessed and modified",0.55,Avoid using pointers due to confusion,0.1
LL3,Low_Level,"Programs executed on a system are managed by the operating system, which handles processes and resource allocation. Observing how multiple applications run simultaneously may lead to questions about process management. What is your natural reaction to such observations?",Easy,Understand the basic idea that multiple programs can run at once,0.4,"Explore how processes are created, scheduled, and managed internally by the OS",0.5,Avoid diving into operating system details,0.1
LL4,Low_Level,"In multi-threaded applications, unexpected outputs may occur when multiple threads access shared resources simultaneously. This introduces issues like race conditions and the need for synchronization. Faced with such behavior, how do you approach resolving it?",Medium,Use available tools or examples to fix the issue quickly,0.35,"Study synchronization techniques like locks, semaphores, and understand why race conditions occur",0.5,Avoid multi-threading due to its complexity,0.15
LL5,Low_Level,"Long-running applications sometimes show increasing memory usage, eventually slowing down or crashing. This often indicates memory leaks or improper resource management. When debugging such a situation, what best describes your approach?",Medium,Use debugging tools to locate and fix the issue quickly,0.4,Investigate allocation and deallocation patterns to understand the root cause deeply,0.45,Ignore the issue if the program still runs,0.15
LL6,Low_Level,CPU scheduling determines how processes are executed over time using strategies like First-Come-First-Serve or Round Robin. These decisions directly affect system performance and responsiveness. How do you engage with such topics?,Medium,Understand basic differences between scheduling algorithms,0.35,Analyze how each scheduling algorithm works and compare their trade-offs deeply,0.5,Skip these topics as they seem theoretical,0.15
LL7,Low_Level,"File systems manage how data is stored, organized, and retrieved from storage devices. Concepts such as indexing, blocks, and directory structures play a crucial role. What is your natural approach to understanding these systems?",Medium,Learn how to use file operations practically,0.4,"Explore how data is physically stored and retrieved, including indexing and block management",0.45,Ignore internal storage details,0.15
LL8,Low_Level,Virtual memory enables systems to handle programs larger than the available physical memory using techniques like paging and segmentation. These mechanisms can be complex but are fundamental to system design. How do you approach such concepts?,Hard,Understand the general idea of virtual memory,0.4,"Study how address translation, paging, and memory mapping work in detail",0.45,Avoid these topics due to complexity,0.15
LL9,Low_Level,"System performance often depends on the interaction between CPU usage, memory access, and disk I/O. Analyzing these interactions can reveal bottlenecks and optimization opportunities. When encountering such scenarios, what is your response?",Hard,Look at basic performance metrics only,0.4,"Analyze how CPU, memory, and I/O interact and affect overall system performance",0.45,Ignore deeper performance analysis,0.15
LL10,Low_Level,"Debugging low-level system crashes may require examining memory states, registers, and execution flow step by step. This process can be complex and time-consuming but provides deep insights into system behavior. What best describes your approach in such situations?",Hard,Use debugging tools to identify the issue quickly,0.4,"Trace execution, inspect memory and registers, and understand the root cause deeply",0.45,Avoid such low-level debugging tasks,0.15
DB1,DB_Design,"Designing a database for an application often begins with identifying entities such as users, transactions, or products. However, simply creating tables is not enough; structuring relationships and ensuring data integrity becomes critical. In such a situation, how do you typically approach database design?",Easy,Create tables quickly based on immediate requirements,0.4,"Carefully think about relationships, normalization, and data integrity before designing schema",0.5,Design tables randomly just to make the system work,0.1
DB2,DB_Design,"Relational databases require understanding of keys such as primary keys and foreign keys, which define how data is linked across tables. These concepts can either be used superficially or deeply understood. What best describes your approach?",Easy,Use keys as required in examples or templates,0.35,Understand how keys enforce relationships and maintain consistency across tables,0.55,Ignore key relationships and structure data loosely,0.1
DB3,DB_Design,Many applications deal with large volumes of structured data where efficient storage and retrieval become important. Observing such systems may raise questions about how databases handle queries efficiently. What is your natural tendency?,Easy,Use databases as needed without deeper exploration,0.4,"Become curious about indexing, query optimization, and storage mechanisms",0.5,Avoid learning database internals,0.1
DB4,DB_Design,"Normalization is used to reduce redundancy and improve consistency in relational databases, but over-normalization may affect performance. Balancing these factors requires careful reasoning. How do you engage with such trade-offs?",Medium,Apply normalization rules as learned,0.35,Analyze when to normalize and when to denormalize based on performance and use case,0.5,Ignore normalization concepts,0.15
DB5,DB_Design,"Query performance often depends on indexing strategies, which determine how quickly data can be retrieved. Choosing the right index can significantly improve efficiency. What best describes your approach?",Medium,Add indexes when needed based on suggestions,0.4,Understand indexing mechanisms and design indexes strategically for performance,0.45,Avoid working with indexes,0.15
DB6,DB_Design,"Transaction management ensures that database operations are reliable and consistent, especially in concurrent environments. Concepts like ACID properties define this behavior. How do you approach such concepts?",Medium,Use transactions when required,0.35,Understand ACID properties and how they ensure consistency and reliability,0.5,Ignore transaction-level details,0.15
DB7,DB_Design,Modern applications sometimes require choosing between SQL and NoSQL databases depending on scalability and flexibility needs. This decision involves understanding trade-offs. What is your approach?,Medium,Choose database type based on common usage or examples,0.4,"Analyze data structure, scalability, and consistency requirements before choosing",0.45,Avoid thinking about database choice deeply,0.15
DB8,DB_Design,Handling concurrent database access may lead to issues like deadlocks or inconsistent reads. These problems require understanding isolation levels and locking mechanisms. How do you respond to such challenges?,Hard,Use default configurations and hope issues are minimal,0.4,"Study concurrency control, locking, and isolation levels in depth",0.45,Avoid dealing with such complex issues,0.15
DB9,DB_Design,Large-scale systems often require distributed databases where data is partitioned or replicated across multiple nodes. This introduces complexity in consistency and performance. What best describes your approach?,Hard,Understand general idea of distributed databases,0.4,"Explore sharding, replication, and consistency models deeply",0.45,Avoid distributed database concepts,0.15
DB10,DB_Design,"When a database-driven application slows down, identifying whether the issue lies in schema design, queries, or indexing requires systematic analysis. How do you approach such a situation?",Hard,Apply quick fixes like adding indexes,0.4,"Analyze queries, schema design, and execution plans to find root causes",0.45,Ignore performance issues unless critical,0.15
SO1,System_Opt,Programs that work correctly may still perform poorly under larger inputs or real-world conditions. Recognizing inefficiencies early can significantly improve system performance. What best describes your natural approach in such situations?,Easy,Focus on making the program work correctly,0.4,Think about efficiency and potential optimizations even for simple implementations,0.5,Ignore performance unless required,0.1
SO2,System_Opt,"Time complexity analysis helps predict how an algorithm scales with input size. Some learners apply it occasionally, while others use it consistently to guide design decisions. How do you engage with this concept?",Easy,Use time complexity only when necessary,0.35,Regularly analyze algorithms using Big-O notation and consider scalability,0.55,Avoid complexity analysis,0.1
SO3,System_Opt,"In many coding tasks, multiple solutions exist, but their efficiency varies significantly. Observing this difference may influence how deeply one evaluates approaches. What is your typical response?",Easy,Choose a working solution quickly,0.4,Compare multiple approaches and select the most efficient one,0.5,Ignore differences in efficiency,0.1
SO4,System_Opt,Optimizing algorithms often requires rethinking the approach entirely rather than making small changes. This may involve using different data structures or techniques. How do you respond to such challenges?,Medium,Make small improvements to existing code,0.35,Redesign the solution using more efficient algorithms or data structures,0.5,Avoid optimization tasks,0.15
SO5,System_Opt,"Memory usage is another important factor in system performance, especially in resource-constrained environments. Managing space complexity requires careful planning. What is your approach?",Medium,Focus mainly on execution speed,0.4,Consider both time and space complexity while designing solutions,0.45,Ignore memory usage,0.15
SO6,System_Opt,Caching techniques can significantly improve performance by reducing repeated computations or data retrieval. These techniques require understanding access patterns. How do you engage with caching?,Medium,Use caching if suggested or required,0.35,Analyze usage patterns and implement caching strategically,0.5,Avoid using caching,0.15
SO7,System_Opt,Parallel and concurrent execution can improve performance but introduces complexity in synchronization and data consistency. What best describes your approach?,Medium,Use parallelism when needed with basic understanding,0.4,Understand concurrency models and design systems to handle parallel execution efficiently,0.45,Avoid concurrency due to complexity,0.15
SO8,System_Opt,"Performance tuning in large systems often requires profiling tools to identify bottlenecks. This involves analyzing CPU, memory, and I/O usage. How do you approach such tasks?",Hard,Use tools to identify issues quickly,0.4,Analyze profiling data deeply to understand system behavior and bottlenecks,0.45,Avoid deep performance analysis,0.15
SO9,System_Opt,"In distributed systems, optimizing latency and throughput requires careful design of communication and processing. These systems involve trade-offs between consistency and performance. What is your natural approach?",Hard,Understand general optimization concepts,0.4,Study distributed optimization strategies and trade-offs in depth,0.45,Avoid such complex systems,0.15
SO10,System_Opt,"When a system under heavy load begins to fail or slow down, identifying the root cause may require analyzing multiple layers including code, infrastructure, and data flow. How do you typically respond?",Hard,Apply quick fixes to restore performance,0.4,Systematically analyze all layers to identify and resolve the root cause,0.45,Ignore issues until they escalate,0.15
RE1,Risk_Eval,"During software development, certain features may introduce potential risks such as data loss, security vulnerabilities, or unexpected failures. Identifying these risks early can prevent major issues later. When faced with such situations, how do you typically respond?",Easy,Focus on implementing features quickly,0.4,Think about possible risks and how they might impact the system before proceeding,0.5,Ignore risks unless they appear later,0.1
RE2,Risk_Eval,"While working on a project with tight deadlines, shortcuts might be taken that compromise quality or safety. Deciding whether to prioritize speed or reliability can be challenging. What best describes your approach?",Easy,Prioritize completing the task quickly,0.35,Balance speed with careful consideration of potential risks and consequences,0.55,Ignore risks completely under pressure,0.1
RE3,Risk_Eval,"Software systems often depend on external libraries or services, which may introduce vulnerabilities or compatibility issues. Observing this dependency can influence how carefully one evaluates choices. What is your natural tendency?",Easy,Use popular libraries without much evaluation,0.4,"Assess reliability, security, and long-term risks before choosing dependencies",0.5,Avoid thinking about dependency risks,0.1
RE4,Risk_Eval,"In complex systems, small design decisions can lead to large-scale failures under certain conditions. Anticipating such scenarios requires proactive thinking. How do you approach such situations?",Medium,Handle problems when they occur,0.35,Think ahead about failure scenarios and design systems to handle them,0.5,Avoid considering unlikely failures,0.15
RE5,Risk_Eval,Security risks such as unauthorized access or data breaches can arise if systems are not carefully designed. Addressing these risks requires understanding both technical and human factors. What best describes your approach?,Medium,Apply basic security practices,0.4,Analyze potential vulnerabilities and implement preventive measures thoughtfully,0.45,Ignore deeper security considerations,0.15
RE6,Risk_Eval,Testing strategies often determine how well a system can handle unexpected inputs or edge cases. Insufficient testing may leave hidden risks unresolved. How do you engage with testing?,Medium,Test only major functionalities,0.35,Design comprehensive test cases including edge cases and failure scenarios,0.5,Skip testing whenever possible,0.15
RE7,Risk_Eval,Deploying systems in production environments involves risks such as downtime or data inconsistency. Proper planning can minimize these issues. What is your typical response?,Medium,Deploy changes directly with minimal checks,0.4,Plan deployments carefully with rollback strategies and monitoring,0.45,Avoid handling deployments,0.15
RE8,Risk_Eval,"In distributed systems, failures can occur due to network issues, partial system crashes, or inconsistent states. Understanding these risks requires deep analysis. How do you approach such challenges?",Hard,Understand basic failure scenarios,0.4,Analyze distributed system risks and design for fault tolerance and recovery,0.45,Avoid dealing with such systems,0.15
RE9,Risk_Eval,"When making architectural decisions, trade-offs between performance, scalability, and security often introduce risks in different areas. Evaluating these trade-offs requires careful reasoning. What best describes your approach?",Hard,Focus on one aspect like performance,0.4,Evaluate trade-offs across multiple factors before making decisions,0.45,Avoid making complex decisions,0.15
RE10,Risk_Eval,"After a system failure occurs, identifying the root cause and preventing recurrence requires structured analysis and learning from mistakes. How do you typically respond in such situations?",Hard,Fix the issue quickly and move on,0.4,"Analyze failure deeply, document lessons, and improve system design",0.45,Ignore root cause analysis,0.15
UE1,User_Empathy,"Applications are ultimately used by people with different backgrounds and expectations. Understanding user needs can influence how features are designed and implemented. When thinking about users, what best describes your approach?",Easy,Focus mainly on technical functionality,0.4,Consider how users interact with the system and what experience they expect,0.5,Ignore user perspective,0.1
UE2,User_Empathy,Interfaces that are difficult to use can frustrate users even if the system works correctly. Observing such situations may influence design decisions. What is your natural reaction?,Easy,Ensure basic functionality works,0.35,"Think about usability, clarity, and ease of interaction for users",0.55,Ignore usability concerns,0.1
UE3,User_Empathy,"Different users may have varying levels of technical knowledge, which affects how they interact with systems. Designing for diverse audiences requires careful thought. What best describes your tendency?",Easy,Design for general use without much consideration,0.4,Consider different user types and adapt design accordingly,0.5,Ignore user diversity,0.1
UE4,User_Empathy,Feedback from users often highlights issues that developers may overlook. Responding to such feedback can improve system quality significantly. How do you approach user feedback?,Medium,Address feedback only when necessary,0.35,Analyze feedback carefully and use it to improve the system,0.5,Ignore feedback,0.15
UE5,User_Empathy,Error messages and system responses play a key role in helping users understand what went wrong. Poor communication can lead to confusion. What is your approach here?,Medium,Provide basic error messages,0.4,"Design clear, informative, and helpful messages for users",0.45,Ignore error communication quality,0.15
UE6,User_Empathy,"Accessibility considerations ensure that systems can be used by people with disabilities or limitations. This may include visual, auditory, or interaction challenges. How do you engage with accessibility?",Medium,Consider accessibility only when required,0.35,Actively think about inclusive design and accessibility needs,0.5,Ignore accessibility concerns,0.15
UE7,User_Empathy,"User journeys often involve multiple steps, and friction at any point can reduce satisfaction. Designing smooth flows requires understanding user behavior. What best describes your approach?",Medium,Focus on completing tasks functionally,0.4,Analyze user journeys and minimize friction across interactions,0.45,Ignore user flow optimization,0.15
UE8,User_Empathy,"In large systems, balancing business goals with user satisfaction can be challenging. Decisions may impact usability or performance differently. How do you approach such trade-offs?",Hard,Prioritize business requirements only,0.4,Balance user experience with system and business needs carefully,0.45,Avoid such decisions,0.15
UE9,User_Empathy,"Designing products for global audiences introduces challenges such as language differences, cultural expectations, and usage patterns. Addressing these requires deeper understanding. What is your approach?",Hard,Design for a general audience only,0.4,Consider cultural and contextual differences in design decisions,0.45,Ignore global user differences,0.15
UE10,User_Empathy,"When a feature is technically correct but users struggle to use it effectively, identifying the issue requires stepping into the users perspective. How do you typically respond?",Hard,Keep the feature as it is,0.4,Analyze user behavior and redesign for better usability,0.45,Ignore usability issues,0.15
